{"cameraMode":{"drawMode":0,"name":"Shaded","section":"Shading Mode"},"sceneLighting":true,"audioPlay":false,"sceneViewState":{"m_AlwaysRefresh":false,"showFog":true,"showSkybox":true,"showFlares":true,"showImageEffects":true,"showParticleSystems":true,"showVisualEffectGraphs":true,"m_FxEnabled":true},"in2DMode":false,"pivot":{"x":-1.9618911743164063,"y":2.363330364227295,"z":5.015379428863525},"rotation":{"x":0.11241008341312409,"y":-0.23033036291599275,"z":0.02677200175821781,"w":0.9662467837333679},"size":6.105714321136475,"orthographic":false}