{"cameraMode":{"drawMode":0,"name":"Shaded","section":"Shading Mode"},"sceneLighting":true,"audioPlay":false,"sceneViewState":{"m_AlwaysRefresh":false,"showFog":true,"showSkybox":true,"showFlares":true,"showImageEffects":true,"showParticleSystems":true,"showVisualEffectGraphs":true,"m_FxEnabled":true},"in2DMode":false,"pivot":{"x":5.965482711791992,"y":1.391944408416748,"z":5.907001495361328},"rotation":{"x":0.11234894394874573,"y":0.06255029886960983,"z":-0.007110034581273794,"w":0.9916917085647583},"size":14.965267181396485,"orthographic":false}